"Nonimmigrant Visa Issuances by Nationality ",
April 2021 (FY 2021),
NationalityVisa Class,Issuances
AfghanistanA1,14
AfghanistanA2,23
AfghanistanB1/B2,17
AfghanistanF1,7
AfghanistanG4,10
AfghanistanJ1,45
AfghanistanK1,16
AfghanistanK2,1
AlbaniaB1,1
AlbaniaB1/B2,353
AlbaniaC1/D,2
AlbaniaF1,4
AlbaniaJ1,5
AlbaniaK1,2
AlbaniaNATO2,6
AlgeriaA1,3
AlgeriaA2,2
AlgeriaB1,1
AlgeriaB1/B2,18
AlgeriaC1,3
AlgeriaD,8
AlgeriaF1,10
AlgeriaG4,6
AlgeriaJ1,1
AlgeriaK1,8
AngolaA1,3
AngolaA2,5
AngolaB1/B2,29
AngolaC1/D,20
AngolaF1,12
AngolaF2,3
AngolaG1,6
AngolaG4,2
AngolaI,1
AngolaJ2,1
AngolaL2,3
Antigua and BarbudaB1/B2,265
Antigua and BarbudaO1,1
ArgentinaA1,10
ArgentinaA2,9
ArgentinaB1/B2,"4,201"
ArgentinaC1,1
Page 1 of 62,
April 2021 (FY 2021),
NationalityVisa Class,Issuances
ArgentinaC1/D,61
ArgentinaC3,3
ArgentinaE2,18
ArgentinaF1,31
ArgentinaF2,5
ArgentinaG2,2
ArgentinaG4,12
ArgentinaH1B,10
ArgentinaH2B,6
ArgentinaH4,6
ArgentinaI,5
ArgentinaJ1,248
ArgentinaJ2,7
ArgentinaK1,4
ArgentinaL1,33
ArgentinaL2,46
ArgentinaM1,4
ArgentinaNATO2,1
ArgentinaO1,18
ArgentinaO2,7
ArgentinaO3,11
ArgentinaP1,22
ArgentinaP2,1
ArgentinaP4,10
ArgentinaR1,1
ArmeniaA2,6
ArmeniaB1/B2,12
ArmeniaD,1
ArmeniaE2,8
ArmeniaF1,6
ArmeniaF2,1
ArmeniaH1B,3
ArmeniaH4,2
ArmeniaI,1
ArmeniaJ1,22
ArmeniaJ2,1
ArmeniaK1,11
ArmeniaK2,1
ArmeniaL1,1
ArmeniaO1,1
AustraliaA1,8
AustraliaA2,226
Page 2 of 62,
April 2021 (FY 2021),
NationalityVisa Class,Issuances
AustraliaB1,6
AustraliaB1/B2,203
AustraliaB2,2
AustraliaC1,1
AustraliaC1/D,59
AustraliaC3,1
AustraliaE2,11
AustraliaE3,189
AustraliaE3D,89
AustraliaE3R,94
AustraliaF1,68
AustraliaF2,6
AustraliaG1,1
AustraliaG4,10
AustraliaH1B,3
AustraliaH3,1
AustraliaH4,3
AustraliaI,5
AustraliaJ1,66
AustraliaJ2,10
AustraliaK1,18
AustraliaL1,32
AustraliaL2,59
AustraliaM1,4
AustraliaO1,30
AustraliaO2,2
AustraliaO3,1
AustraliaP1,11
AustraliaP4,3
AustraliaR1,1
AustriaA1,6
AustriaA2,13
AustriaB1,1
AustriaB1/B2,4
AustriaC1/D,5
AustriaE2,2
AustriaF1,9
AustriaG1,1
AustriaG2,1
AustriaG4,3
AustriaH1B,4
AustriaH4,3
Page 3 of 62,
April 2021 (FY 2021),
NationalityVisa Class,Issuances
AustriaJ1,21
AustriaK1,1
AustriaL1,5
AustriaL2,2
AustriaO1,3
AzerbaijanA1,5
AzerbaijanA2,13
AzerbaijanB1/B2,211
AzerbaijanC1/D,8
AzerbaijanF1,9
AzerbaijanG2,3
AzerbaijanG4,3
AzerbaijanH1B,1
AzerbaijanJ1,24
AzerbaijanK1,5
AzerbaijanK2,1
AzerbaijanO1,2
"Bahamas, TheA2",4
"Bahamas, TheB1/B2",516
"Bahamas, TheC1",1
"Bahamas, TheC1/D",2
"Bahamas, TheF1",25
"Bahamas, TheF2",1
"Bahamas, TheG4",1
"Bahamas, TheH1B",9
"Bahamas, TheH4",2
"Bahamas, TheJ2",3
"Bahamas, TheK1",1
"Bahamas, TheM1",2
"Bahamas, TheP1",8
"Bahamas, TheR1",1
BahrainA2,15
BahrainB1/B2,98
BahrainB2,1
BahrainC1/D,1
BahrainF1,4
BahrainF2,1
BahrainG4,1
BahrainJ1,1
BahrainJ2,1
BangladeshA2,29
BangladeshB1,2
Page 4 of 62,
April 2021 (FY 2021),
NationalityVisa Class,Issuances
BangladeshB1/B2,211
BangladeshB2,3
BangladeshC1,1
BangladeshC1/D,24
BangladeshF1,23
BangladeshF2,16
BangladeshG1,5
BangladeshG4,12
BangladeshH1B,3
BangladeshH4,2
BangladeshJ1,6
BangladeshJ2,7
BangladeshK1,1
BangladeshL1,2
BangladeshL2,3
BangladeshO1,1
BangladeshO3,1
BarbadosA2,1
BarbadosB1/B2,146
BarbadosF1,1
BarbadosG1,1
BarbadosG4,3
BarbadosJ1,2
BarbadosM1,1
BelarusB1/B2,73
BelarusC1/D,14
BelarusE2,1
BelarusF1,15
BelarusF2,1
BelarusG1,5
BelarusG4,2
BelarusH1B,1
BelarusK1,6
BelarusL1,1
BelarusM1,1
BelgiumA1,5
BelgiumA2,8
BelgiumB1,1
BelgiumB1/B2,37
BelgiumB2,1
BelgiumC1/D,33
BelgiumC3,5
Page 5 of 62,
April 2021 (FY 2021),
NationalityVisa Class,Issuances
BelgiumE2,5
BelgiumF1,36
BelgiumG4,4
BelgiumH1B,2
BelgiumI,6
BelgiumJ1,5
BelgiumK1,5
BelgiumL1,10
BelgiumL2,7
BelgiumM1,6
BelgiumNATO2,16
BelgiumNATO4,1
BelgiumO1,2
BelgiumP1,1
BelizeA2,9
BelizeB1/B2,144
BelizeC1,2
BelizeC3,1
BelizeH2A,5
BelizeH2B,26
BelizeJ1,1
BelizeK1,2
BelizeK2,2
BelizeO3,1
BeninA2,7
BeninB1/B2,2
BeninF1,1
BeninG1,3
BeninG2,1
BeninK1,8
BeninO1,1
BermudaB1/B2,2
BhutanB1/B2,1
BhutanF1,2
BhutanG4,3
BhutanK1,2
BoliviaA2,5
BoliviaB1/B2,"1,007"
BoliviaC1/D,4
BoliviaF1,9
BoliviaG4,14
BoliviaJ1,1
Page 6 of 62,
April 2021 (FY 2021),
NationalityVisa Class,Issuances
Bosnia-HerzegovinaA1,4
Bosnia-HerzegovinaA2,18
Bosnia-HerzegovinaB1,7
Bosnia-HerzegovinaB1/B2,33
Bosnia-HerzegovinaC1/D,42
Bosnia-HerzegovinaF1,2
Bosnia-HerzegovinaJ1,45
Bosnia-HerzegovinaK1,3
BotswanaA1,1
BotswanaA2,8
BotswanaB1/B2,1
BotswanaF1,3
BotswanaG4,1
BotswanaH1B,3
BotswanaJ1,1
BrazilA1,18
BrazilA2,120
BrazilB1,4
BrazilB1/B2,221
BrazilB2,3
BrazilC1,4
BrazilC1/D,56
BrazilC3,5
BrazilE2,1
BrazilF1,75
BrazilF2,35
BrazilG2,2
BrazilG4,46
BrazilH1B,13
BrazilH2A,13
BrazilH4,11
BrazilJ1,124
BrazilJ2,13
BrazilK1,5
BrazilK2,3
BrazilL1,28
BrazilL2,38
BrazilO1,8
BrazilO3,6
BrazilP1,32
BrazilP4,2
BrazilR1,3
Page 7 of 62,
April 2021 (FY 2021),
NationalityVisa Class,Issuances
BrazilR2,2
BrazilTD,2
British National Overseas (Hong Kong) PassportB1/B2,67
British National Overseas (Hong Kong) PassportF1,4
British National Overseas (Hong Kong) PassportH1B,2
British National Overseas (Hong Kong) PassportL1,1
BruneiF1,1
BruneiH1B,1
BulgariaA1,4
BulgariaA2,2
BulgariaB1,2
BulgariaB1/B2,169
BulgariaC1/D,69
BulgariaF1,3
BulgariaH2A,2
BulgariaH2B,67
BulgariaJ1,7
BulgariaK1,6
BulgariaNATO2,10
BulgariaO1,1
BulgariaP1,2
BulgariaP3,1
Burkina FasoB1/B2,3
Burkina FasoC1,1
Burkina FasoC3,1
Burkina FasoF1,6
Burkina FasoG1,4
Burkina FasoH1B,1
Burkina FasoK1,1
BurmaA1,3
BurmaB1,2
BurmaB1/B2,15
BurmaB2,1
BurmaC1,2
BurmaD,1
BurmaF1,6
BurmaG4,5
BurmaH1B,2
BurmaH4,1
BurmaJ1,4
BurmaJ2,2
BurmaK1,6
Page 8 of 62,
April 2021 (FY 2021),
NationalityVisa Class,Issuances
BurmaK2,1
BurmaL1,1
BurmaO1,1
BurmaR1,1
BurundiA1,1
BurundiA2,1
BurundiB1/B2,2
BurundiF1,6
BurundiG1,2
BurundiG4,13
BurundiK1,3
Cabo VerdeA2,1
Cabo VerdeB1/B2,2
Cabo VerdeO1,1
CambodiaB1/B2,14
CambodiaC1,2
CambodiaD,2
CambodiaF1,2
CambodiaG1,3
CambodiaG4,6
CambodiaK1,7
CambodiaK2,1
CambodiaM1,2
CameroonA2,8
CameroonB1/B2,29
CameroonC1,1
CameroonC1/D,1
CameroonF1,15
CameroonG1,4
CameroonG4,12
CameroonH1B,4
CameroonH4,2
CameroonJ1,2
CameroonJ2,2
CameroonK1,12
CameroonK2,1
CameroonL1,1
CameroonT5,1
CanadaA1,12
CanadaA2,1
CanadaB1/B2,3
CanadaC3,2
Page 9 of 62,
April 2021 (FY 2021),
NationalityVisa Class,Issuances
CanadaE1,15
CanadaE2,84
CanadaF1,5
CanadaG1,1
CanadaG4,15
CanadaH2A,2
CanadaH4,6
CanadaJ1,3
CanadaJ2,1
CanadaK1,37
CanadaL1,2
CanadaL2,7
CanadaNATO1,1
CanadaNATO2,92
CanadaNATO6,2
CanadaO1,1
Cayman IslandsB1/B2,22
Cayman IslandsC1,1
Central African RepublicG4,2
ChadA2,1
ChadB1/B2,10
ChadB2,1
ChadF1,4
ChadG1,1
ChileA1,1
ChileA2,17
ChileB1,9
ChileB1/B2,51
ChileC1,1
ChileC1/D,26
ChileC3,2
ChileE2,15
ChileF1,66
ChileF2,22
ChileG1,2
ChileG4,10
ChileH1B,8
ChileH1B1,65
ChileH2A,5
ChileH2B,2
ChileH4,63
ChileI,1
Page 10 of 62,
April 2021 (FY 2021),
NationalityVisa Class,Issuances
ChileJ1,30
ChileJ2,8
ChileK1,1
ChileL1,11
ChileL2,29
ChileM1,3
ChileM2,4
ChileO1,5
ChileO2,1
ChileO3,5
ChileP1,4
China - mainlandA1,16
China - mainlandA2,12
China - mainlandA3,1
China - mainlandB1,21
China - mainlandB1/B2,147
China - mainlandB2,2
China - mainlandC1,32
China - mainlandC1/D,286
China - mainlandE2,5
China - mainlandE3D,1
China - mainlandF1,321
China - mainlandF2,21
China - mainlandG1,5
China - mainlandG4,46
China - mainlandH1B,89
China - mainlandH3,1
China - mainlandH4,48
China - mainlandJ1,82
China - mainlandJ2,22
China - mainlandK1,64
China - mainlandK2,7
China - mainlandL1,25
China - mainlandL2,14
China - mainlandO1,8
China - mainlandO2,1
China - mainlandO3,5
China - mainlandP1,8
China - TaiwanB1/B2,124
China - TaiwanC1/D,236
China - TaiwanE1,36
China - TaiwanE2,48
Page 11 of 62,
April 2021 (FY 2021),
NationalityVisa Class,Issuances
China - TaiwanF1,212
China - TaiwanF2,17
China - TaiwanG4,2
China - TaiwanH1B,55
China - TaiwanH4,18
China - TaiwanI,2
China - TaiwanJ1,54
China - TaiwanJ2,7
China - TaiwanK1,8
China - TaiwanL1,31
China - TaiwanL2,32
China - TaiwanM1,6
China - TaiwanO1,2
China - TaiwanP1,1
China - TaiwanR1,2
ColombiaA1,18
ColombiaA2,473
ColombiaB1,8
ColombiaB1/B2,"1,517"
ColombiaC1,29
ColombiaC1/D,79
ColombiaE2,3
ColombiaF1,209
ColombiaF2,21
ColombiaG1,19
ColombiaG4,26
ColombiaH1B,12
ColombiaH2A,2
ColombiaH2B,8
ColombiaH3,1
ColombiaH4,9
ColombiaI,1
ColombiaJ1,971
ColombiaJ2,26
ColombiaK1,54
ColombiaK2,15
ColombiaL1,22
ColombiaL2,18
ColombiaM1,8
ColombiaO1,10
ColombiaO2,20
ColombiaP1,22
Page 12 of 62,
April 2021 (FY 2021),
NationalityVisa Class,Issuances
ColombiaP4,2
ColombiaR1,1
ColombiaR2,1
ComorosB1/B2,1
ComorosG4,1
ComorosJ1,1
"Congo, Democratic Republic of theA1",1
"Congo, Democratic Republic of theA2",6
"Congo, Democratic Republic of theB1/B2",132
"Congo, Democratic Republic of theC1",1
"Congo, Democratic Republic of theF1",22
"Congo, Democratic Republic of theF2",1
"Congo, Democratic Republic of theG4",7
"Congo, Democratic Republic of theG5",1
"Congo, Democratic Republic of theJ1",1
"Congo, Democratic Republic of theK1",3
"Congo, Democratic Republic of theR1",1
"Congo, Republic of theA1",5
"Congo, Republic of theA2",1
"Congo, Republic of theB1",1
"Congo, Republic of theB2",6
"Congo, Republic of theF1",2
"Congo, Republic of theG1",1
"Congo, Republic of theG2",14
"Congo, Republic of theG4",4
Costa RicaA1,10
Costa RicaA2,9
Costa RicaB1,3
Costa RicaB1/B2,"2,116"
Costa RicaC1,2
Costa RicaC1/D,19
Costa RicaC3,1
Costa RicaE2,3
Costa RicaF1,5
Costa RicaG4,6
Costa RicaH1B,4
Costa RicaH2A,54
Costa RicaH2B,75
Costa RicaH3,30
Costa RicaH4,2
Costa RicaJ1,9
Costa RicaJ2,4
Page 13 of 62,
April 2021 (FY 2021),
NationalityVisa Class,Issuances
Costa RicaK1,6
Costa RicaL1,5
Costa RicaL2,7
Cote d'IvoireA1,4
Cote d'IvoireA2,4
Cote d'IvoireB1/B2,12
Cote d'IvoireF1,10
Cote d'IvoireF2,1
Cote d'IvoireG1,5
Cote d'IvoireG2,3
Cote d'IvoireG4,6
Cote d'IvoireK1,4
Cote d'IvoireK2,1
Cote d'IvoireP1,1
CroatiaA2,1
CroatiaB1,19
CroatiaB1/B2,59
CroatiaC1/D,41
CroatiaF1,3
CroatiaG4,2
CroatiaH1B,1
CroatiaH2B,1
CroatiaJ1,72
CroatiaL1,4
CroatiaL2,2
CroatiaNATO2,7
CroatiaO1,1
CubaA1,14
CubaA2,1
CubaB1/B2,18
CubaB2,35
CubaC1,1
CubaC1/D,1
CubaF1,1
CubaG4,3
CubaH1B,2
CubaH4,2
CubaJ1,2
CubaK1,20
CubaK2,5
CubaO1,1
CubaP1,7
Page 14 of 62,
April 2021 (FY 2021),
NationalityVisa Class,Issuances
CubaP4,1
CubaTD,1
CyprusB1,1
CyprusB1/B2,26
CyprusC1/D,1
CyprusF1,3
CyprusJ1,5
CyprusL1,1
Czech RepublicA2,1
Czech RepublicB1,2
Czech RepublicB1/B2,6
Czech RepublicB2,1
Czech RepublicC1/D,14
Czech RepublicE2,2
Czech RepublicF1,5
Czech RepublicG1,1
Czech RepublicH2A,1
Czech RepublicH2B,1
Czech RepublicH4,2
Czech RepublicI,1
Czech RepublicJ1,17
Czech RepublicJ2,4
Czech RepublicK1,2
Czech RepublicL1,6
Czech RepublicL2,9
Czech RepublicNATO2,44
Czech RepublicO1,1
Czech RepublicO3,4
Czech RepublicP1,2
Czech RepublicTD,1
DenmarkA2,6
DenmarkB1/B2,6
DenmarkC1/D,85
DenmarkE2,12
DenmarkF1,11
DenmarkF2,1
DenmarkG1,1
DenmarkG2,1
DenmarkG3,1
DenmarkG4,5
DenmarkH2A,2
DenmarkJ1,138
Page 15 of 62,
April 2021 (FY 2021),
NationalityVisa Class,Issuances
DenmarkJ2,1
DenmarkK1,4
DenmarkL1,13
DenmarkL2,10
DenmarkNATO2,27
DenmarkNATO6,3
DenmarkO1,1
DenmarkP1,1
DjiboutiA2,1
DjiboutiB1/B2,2
DominicaB1/B2,89
DominicaC1/D,3
DominicaF1,5
DominicaH1B,1
Dominican RepublicA1,10
Dominican RepublicA2,20
Dominican RepublicB1,2
Dominican RepublicB1/B2,"4,789"
Dominican RepublicC1,1
Dominican RepublicC1/D,16
Dominican RepublicC3,6
Dominican RepublicF1,35
Dominican RepublicG1,1
Dominican RepublicG2,1
Dominican RepublicH1B,17
Dominican RepublicH2B,1
Dominican RepublicH4,1
Dominican RepublicI,9
Dominican RepublicJ1,715
Dominican RepublicJ2,2
Dominican RepublicK1,81
Dominican RepublicK2,21
Dominican RepublicL1,4
Dominican RepublicL2,2
Dominican RepublicM1,2
Dominican RepublicO1,5
Dominican RepublicO2,3
Dominican RepublicP1,46
Dominican RepublicP3,1
Dominican RepublicP4,18
Dominican RepublicQ1,3
Dominican RepublicR1,5
Page 16 of 62,
April 2021 (FY 2021),
NationalityVisa Class,Issuances
Dominican RepublicR2,8
Dominican RepublicT2,1
Dominican RepublicT3,2
Dominican RepublicT4,2
Dominican RepublicT5,2
Dominican RepublicT6,1
Dominican RepublicU3,4
EcuadorA1,12
EcuadorA2,31
EcuadorB1/B2,"6,062"
EcuadorB2,3
EcuadorC1/D,13
EcuadorE2,1
EcuadorF1,39
EcuadorF2,3
EcuadorG4,6
EcuadorH1B,4
EcuadorH2B,14
EcuadorH4,3
EcuadorJ1,144
EcuadorJ2,1
EcuadorK1,10
EcuadorK2,4
EcuadorL1,2
EcuadorL2,1
EcuadorM1,1
EcuadorP1,1
EcuadorQ1,1
EgyptA1,11
EgyptA2,59
EgyptA3,2
EgyptB1,4
EgyptB1/B2,549
EgyptB2,5
EgyptC1/D,62
EgyptC3,2
EgyptE2,5
EgyptF1,60
EgyptF2,25
EgyptG1,3
EgyptG4,15
EgyptH1B,10
Page 17 of 62,
April 2021 (FY 2021),
NationalityVisa Class,Issuances
EgyptH2A,1
EgyptH4,11
EgyptJ1,36
EgyptJ2,18
EgyptK1,4
EgyptL1,9
EgyptL2,15
EgyptM1,1
EgyptO1,1
EgyptO3,2
EgyptP1,3
El SalvadorA1,3
El SalvadorA2,27
El SalvadorB1,5
El SalvadorB1/B2,"1,268"
El SalvadorB2,1
El SalvadorC1/D,5
El SalvadorF1,9
El SalvadorG1,1
El SalvadorG4,8
El SalvadorH1B,5
El SalvadorH2A,21
El SalvadorH2B,115
El SalvadorH4,4
El SalvadorI,2
El SalvadorJ1,15
El SalvadorK1,4
El SalvadorK2,1
El SalvadorL1,1
El SalvadorL2,1
El SalvadorP1,1
El SalvadorR1,2
El SalvadorR2,4
El SalvadorT3,3
El SalvadorT5,1
El SalvadorU2,1
El SalvadorU3,10
Equatorial GuineaA2,2
Equatorial GuineaB1/B2,1
Equatorial GuineaJ1,2
EritreaB1,2
EritreaB1/B2,7
Page 18 of 62,
April 2021 (FY 2021),
NationalityVisa Class,Issuances
EritreaF1,10
EritreaG4,1
EritreaK1,4
EstoniaA2,2
EstoniaC1/D,5
EstoniaG4,1
EstoniaK1,1
EstoniaL2,1
EstoniaNATO2,8
EswatiniB1/B2,8
EswatiniF1,1
EswatiniJ1,1
EthiopiaA1,6
EthiopiaA2,15
EthiopiaB1,3
EthiopiaB1/B2,"1,529"
EthiopiaB2,2
EthiopiaC1,2
EthiopiaC1/D,78
EthiopiaE1,1
EthiopiaF1,67
EthiopiaF2,15
EthiopiaG1,8
EthiopiaG4,21
EthiopiaH1B,5
EthiopiaH4,12
EthiopiaJ1,4
EthiopiaJ2,10
EthiopiaK1,23
EthiopiaK2,1
EthiopiaO1,2
EthiopiaO2,2
EthiopiaP1,4
EthiopiaR1,2
EthiopiaR2,2
FijiA2,2
FijiB1/B2,2
FijiC1,1
FijiC1/D,4
FijiJ1,2
FijiK1,1
FijiP1,1
Page 19 of 62,
April 2021 (FY 2021),
NationalityVisa Class,Issuances
FinlandA1,2
FinlandA2,9
FinlandB1,1
FinlandB1/B2,3
FinlandC1/D,21
FinlandF1,5
FinlandF2,1
FinlandG1,7
FinlandG4,1
FinlandH4,2
FinlandI,1
FinlandJ1,2
FinlandJ2,5
FinlandK1,2
FinlandL1,2
FinlandL2,6
FinlandO1,1
FinlandP4,2
FinlandTD,1
FranceA1,5
FranceA2,32
FranceA3,1
FranceB1,3
FranceB1/B2,60
FranceC1,2
FranceC1/D,131
FranceC3,3
FranceE2,35
FranceE3D,1
FranceF1,194
FranceF2,2
FranceG2,1
FranceG3,1
FranceG4,42
FranceH1B,19
FranceH2A,1
FranceH4,4
FranceI,52
FranceJ1,104
FranceJ2,15
FranceK1,13
FranceL1,29
Page 20 of 62,
April 2021 (FY 2021),
NationalityVisa Class,Issuances
FranceL2,37
FranceM1,6
FranceNATO2,58
FranceNATO4,2
FranceNATO6,1
FranceO1,10
FranceO3,5
FranceP1,1
GabonA2,1
GabonB1/B2,75
GabonC1,1
GabonF1,19
GabonJ1,2
"Gambia, TheA1",1
"Gambia, TheA2",1
"Gambia, TheB1/B2",7
"Gambia, TheF1",1
"Gambia, TheG4",3
"Gambia, TheK1",8
GeorgiaA1,4
GeorgiaA2,8
GeorgiaB1/B2,11
GeorgiaC1/D,68
GeorgiaG2,1
GeorgiaG4,1
GeorgiaJ1,1
GeorgiaK1,3
GeorgiaN8,1
GermanyA1,40
GermanyA2,20
GermanyB1/B2,44
GermanyC1/D,239
GermanyC3,2
GermanyE1,18
GermanyE2,128
GermanyE3D,1
GermanyF1,87
GermanyF2,4
GermanyG1,8
GermanyG2,1
GermanyG3,1
GermanyG4,17
Page 21 of 62,
April 2021 (FY 2021),
NationalityVisa Class,Issuances
GermanyH1B,23
GermanyH4,5
GermanyI,24
GermanyJ1,280
GermanyJ2,30
GermanyK1,20
GermanyK2,1
GermanyL1,93
GermanyL2,67
GermanyM1,7
GermanyNATO2,93
GermanyNATO6,18
GermanyO1,25
GermanyO2,2
GermanyO3,9
GermanyP1,4
GermanyR1,2
GermanyR2,2
GermanyTD,1
GhanaA2,17
GhanaB1/B2,305
GhanaC1,1
GhanaC1/D,6
GhanaD,1
GhanaF1,20
GhanaF2,1
GhanaG4,17
GhanaH1B,2
GhanaH4,1
GhanaJ1,2
GhanaJ2,1
GhanaK1,34
GhanaK2,2
GhanaL1,2
GhanaL2,1
GhanaO1,1
GhanaP1,1
GhanaR1,8
Great Britain and Northern IrelandA1,10
Great Britain and Northern IrelandA2,133
Great Britain and Northern IrelandB1,62
Great Britain and Northern IrelandB1/B2,110
Page 22 of 62,
April 2021 (FY 2021),
NationalityVisa Class,Issuances
Great Britain and Northern IrelandB2,1
Great Britain and Northern IrelandC1/D,262
Great Britain and Northern IrelandC3,26
Great Britain and Northern IrelandE1,7
Great Britain and Northern IrelandE2,31
Great Britain and Northern IrelandE3D,1
Great Britain and Northern IrelandF1,155
Great Britain and Northern IrelandF2,4
Great Britain and Northern IrelandG1,1
Great Britain and Northern IrelandG2,1
Great Britain and Northern IrelandG4,34
Great Britain and Northern IrelandH1B,21
Great Britain and Northern IrelandH2A,12
Great Britain and Northern IrelandH2B,1
Great Britain and Northern IrelandH4,12
Great Britain and Northern IrelandI,16
Great Britain and Northern IrelandJ1,61
Great Britain and Northern IrelandJ2,17
Great Britain and Northern IrelandK1,35
Great Britain and Northern IrelandK2,2
Great Britain and Northern IrelandL1,87
Great Britain and Northern IrelandL2,93
Great Britain and Northern IrelandM1,19
Great Britain and Northern IrelandNATO2,75
Great Britain and Northern IrelandO1,68
Great Britain and Northern IrelandO2,10
Great Britain and Northern IrelandO3,29
Great Britain and Northern IrelandP1,15
Great Britain and Northern IrelandP4,1
GreeceA1,1
GreeceA2,3
GreeceA3,1
GreeceB1,6
GreeceB1/B2,9
GreeceC1/D,82
GreeceE1,3
GreeceF1,25
GreeceG2,4
GreeceG4,5
GreeceH1B,11
GreeceI,1
GreeceJ1,15
Page 23 of 62,
April 2021 (FY 2021),
NationalityVisa Class,Issuances
GreeceJ2,2
GreeceK1,2
GreeceL1,4
GreeceL2,2
GreeceNATO2,8
GreeceO1,1
GrenadaA2,1
GrenadaB1/B2,45
GrenadaC1/D,1
GrenadaE2,2
GuatemalaA1,1
GuatemalaA2,49
GuatemalaB1/B2,"1,199"
GuatemalaC1,1
GuatemalaC1/D,11
GuatemalaC3,2
GuatemalaF1,32
GuatemalaF2,2
GuatemalaG2,1
GuatemalaG4,1
GuatemalaH1B,2
GuatemalaH2A,610
GuatemalaH2B,491
GuatemalaH4,1
GuatemalaJ1,19
GuatemalaK1,4
GuatemalaL1,1
GuatemalaL2,1
GuatemalaM1,1
GuatemalaT5,1
GuineaA1,6
GuineaA2,8
GuineaB1/B2,8
GuineaC1,1
GuineaG2,2
GuineaK1,13
GuineaK2,1
Guinea-BissauK1,1
GuyanaA1,1
GuyanaA2,7
GuyanaB1/B2,56
GuyanaC1,11
Page 24 of 62,
April 2021 (FY 2021),
NationalityVisa Class,Issuances
GuyanaC1/D,19
GuyanaC3,3
GuyanaF1,3
GuyanaH1B,1
GuyanaJ1,3
GuyanaJ2,1
GuyanaK1,6
GuyanaK2,3
GuyanaM1,1
GuyanaP1,1
HaitiA1,10
HaitiA2,13
HaitiB1/B2,"1,044"
HaitiC1,6
HaitiC1/D,2
HaitiC3,24
HaitiD,1
HaitiF1,25
HaitiG1,5
HaitiG4,3
HaitiH1B,1
HaitiI,1
HaitiJ1,3
HaitiJ2,1
HaitiK1,26
HaitiK2,4
HaitiL1,1
HaitiP1,1
HaitiR1,4
HondurasA1,1
HondurasA2,8
HondurasB1,1
HondurasB1/B2,"1,492"
HondurasB2,3
HondurasC1,2
HondurasC1/D,76
HondurasE2,6
HondurasF1,32
HondurasF2,5
HondurasG4,5
HondurasH1B,6
HondurasH2A,49
Page 25 of 62,
April 2021 (FY 2021),
NationalityVisa Class,Issuances
HondurasH2B,94
HondurasH4,4
HondurasI,2
HondurasJ1,18
HondurasJ2,4
HondurasK1,9
HondurasK2,1
HondurasL1,4
HondurasL2,2
HondurasO2,1
HondurasT3,3
HondurasT5,2
HondurasU1,1
HondurasU2,1
HondurasU3,9
Hong Kong S.A.R.B1/B2,633
Hong Kong S.A.R.C1/D,51
Hong Kong S.A.R.F1,61
Hong Kong S.A.R.F2,16
Hong Kong S.A.R.G4,2
Hong Kong S.A.R.H1B,5
Hong Kong S.A.R.H4,9
Hong Kong S.A.R.J1,2
Hong Kong S.A.R.K1,1
Hong Kong S.A.R.L1,8
Hong Kong S.A.R.L2,18
Hong Kong S.A.R.M1,1
Hong Kong S.A.R.O1,2
HungaryA2,17
HungaryB1/B2,11
HungaryC1/D,16
HungaryF1,4
HungaryG4,3
HungaryK1,1
HungaryNATO2,132
HungaryO1,1
HungaryP1,2
IcelandA2,2
IcelandB1/B2,1
IcelandC1/D,8
IcelandF1,5
IcelandJ1,2
Page 26 of 62,
April 2021 (FY 2021),
NationalityVisa Class,Issuances
IcelandJ2,2
IcelandL1,1
IcelandO1,1
IcelandP1,1
IndiaA1,13
IndiaA2,43
IndiaA3,9
IndiaB1,16
IndiaB1/B2,"11,931"
IndiaB2,11
IndiaC1,24
IndiaC1/D,"1,738"
IndiaC3,18
IndiaCW2,1
IndiaE1,1
IndiaE2,2
IndiaE3D,4
IndiaF1,"1,876"
IndiaF2,120
IndiaG1,7
IndiaG4,59
IndiaG5,1
IndiaH1B,"8,975"
IndiaH3,1
IndiaH4,"5,898"
IndiaI,1
IndiaJ1,440
IndiaJ2,125
IndiaK1,45
IndiaK2,2
IndiaL1,663
IndiaL2,831
IndiaM1,42
IndiaO1,27
IndiaO3,15
IndiaP3,1
IndiaP4,1
IndiaR1,50
IndiaR2,19
IndiaU2,2
IndiaU3,3
IndonesiaA1,10
Page 27 of 62,
April 2021 (FY 2021),
NationalityVisa Class,Issuances
IndonesiaA2,78
IndonesiaA3,1
IndonesiaB1,14
IndonesiaB1/B2,"1,599"
IndonesiaB2,2
IndonesiaC1,1
IndonesiaC1/D,943
IndonesiaC3,1
IndonesiaF1,123
IndonesiaF2,23
IndonesiaG1,6
IndonesiaG4,15
IndonesiaH1B,15
IndonesiaH4,3
IndonesiaJ1,34
IndonesiaJ2,4
IndonesiaK1,31
IndonesiaK2,3
IndonesiaL1,8
IndonesiaL2,11
IndonesiaM1,1
IndonesiaO1,1
IndonesiaO2,1
IndonesiaR1,1
IranB1/B2,38
IranF1,81
IranF2,12
IranG4,3
IranH1B,2
IranH4,1
IranJ1,33
IranJ2,14
IranK1,18
IranL2,1
IranTD,1
IraqA1,13
IraqA2,16
IraqB1/B2,53
IraqC1/D,1
IraqF1,2
IraqG2,5
IraqG4,3
Page 28 of 62,
April 2021 (FY 2021),
NationalityVisa Class,Issuances
IraqJ1,4
IraqJ2,1
IraqK1,2
IrelandA1,2
IrelandA2,6
IrelandB1,2
IrelandB1/B2,7
IrelandC1/D,44
IrelandE2,1
IrelandF1,4
IrelandG1,1
IrelandG4,9
IrelandH1B,8
IrelandH2A,10
IrelandH4,2
IrelandI,3
IrelandJ1,6
IrelandK1,18
IrelandL1,8
IrelandL2,8
IrelandO1,5
IrelandO2,2
IrelandP1,4
IsraelA1,67
IsraelA2,163
IsraelB1/B2,"5,748"
IsraelB2,42
IsraelC1/D,46
IsraelC3,6
IsraelD,1
IsraelE1,31
IsraelE2,15
IsraelF1,52
IsraelF2,6
IsraelG1,6
IsraelG4,3
IsraelH1B,29
IsraelH2A,1
IsraelH4,19
IsraelI,4
IsraelJ1,590
IsraelJ2,124
Page 29 of 62,
April 2021 (FY 2021),
NationalityVisa Class,Issuances
IsraelK1,4
IsraelL1,55
IsraelL2,91
IsraelM1,1
IsraelO1,17
IsraelO2,1
IsraelO3,9
IsraelP1,3
IsraelR1,2
ItalyA1,6
ItalyA2,5
ItalyB1,175
ItalyB1/B2,27
ItalyC1/D,115
ItalyE1,19
ItalyE2,113
ItalyF1,103
ItalyG1,1
ItalyG2,1
ItalyG3,1
ItalyG4,14
ItalyH1B,15
ItalyH2A,1
ItalyH4,3
ItalyI,4
ItalyJ1,57
ItalyJ2,3
ItalyK1,8
ItalyL1,27
ItalyL2,18
ItalyM1,14
ItalyNATO2,40
ItalyNATO6,1
ItalyO1,12
ItalyO2,3
ItalyO3,3
ItalyP1,1
ItalyTD,1
JamaicaA2,22
JamaicaB1,22
JamaicaB1/B2,"1,172"
JamaicaB2,6
Page 30 of 62,
April 2021 (FY 2021),
NationalityVisa Class,Issuances
JamaicaC1,7
JamaicaC1/D,84
JamaicaC3,7
JamaicaF1,9
JamaicaF2,1
JamaicaG4,2
JamaicaH1B,27
JamaicaH2A,444
JamaicaH2B,"1,977"
JamaicaH4,29
JamaicaJ1,546
JamaicaJ2,6
JamaicaK1,15
JamaicaK2,4
JamaicaL1,1
JamaicaL2,1
JamaicaP1,4
JapanA1,26
JapanA2,56
JapanB1,20
JapanB1/B2,133
JapanC1/D,203
JapanC3,27
JapanE1,146
JapanE2,"1,453"
JapanE3,1
JapanF1,348
JapanF2,54
JapanG1,4
JapanG4,14
JapanH1B,30
JapanH2B,55
JapanH4,20
JapanI,22
JapanJ1,155
JapanJ2,144
JapanK1,31
JapanK2,2
JapanL1,419
JapanL2,528
JapanM1,4
JapanO1,17
Page 31 of 62,
April 2021 (FY 2021),
NationalityVisa Class,Issuances
JapanO2,1
JapanO3,8
JapanP1,5
JapanP3,1
JapanQ1,1
JapanR1,8
JapanR2,1
JordanA1,1
JordanA2,123
JordanB1/B2,291
JordanB2,3
JordanC1/D,14
JordanE2,6
JordanF1,53
JordanF2,17
JordanG1,4
JordanG4,1
JordanH1B,10
JordanH4,8
JordanI,1
JordanJ1,60
JordanJ2,16
JordanK1,6
JordanL1,9
JordanL2,20
JordanP3,1
JordanR1,1
KazakhstanA1,4
KazakhstanA2,9
KazakhstanB1,1
KazakhstanB1/B2,452
KazakhstanC1,2
KazakhstanD,3
KazakhstanE2,10
KazakhstanF1,28
KazakhstanF2,11
KazakhstanG4,3
KazakhstanH1B,7
KazakhstanH2B,1
KazakhstanH4,6
KazakhstanJ1,467
KazakhstanJ2,1
Page 32 of 62,
April 2021 (FY 2021),
NationalityVisa Class,Issuances
KazakhstanK1,3
KazakhstanL1,4
KazakhstanL2,9
KazakhstanO1,1
KazakhstanP1,1
KenyaA1,9
KenyaA2,7
KenyaB1,1
KenyaB1/B2,51
KenyaC1,1
KenyaC1/D,3
KenyaE2,1
KenyaF1,29
KenyaF2,8
KenyaG1,1
KenyaG4,23
KenyaH1B,6
KenyaH4,2
KenyaJ1,8
KenyaJ2,3
KenyaK1,25
KenyaK2,8
KenyaP1,1
"Korea, South A1",20
"Korea, South A2",103
"Korea, South B1",2
"Korea, South B1/B2",290
"Korea, South C1/D",197
"Korea, South C3",3
"Korea, South CW1",5
"Korea, South CW2",3
"Korea, South E1",11
"Korea, South E2",336
"Korea, South E2C",2
"Korea, South E3D",1
"Korea, South F1",555
"Korea, South F2",165
"Korea, South G4",11
"Korea, South G5",1
"Korea, South H1B",93
"Korea, South H4",54
"Korea, South I",9
Page 33 of 62,
April 2021 (FY 2021),
NationalityVisa Class,Issuances
"Korea, South J1",279
"Korea, South J2",205
"Korea, South K1",19
"Korea, South K2",1
"Korea, South L1",170
"Korea, South L2",257
"Korea, South M1",16
"Korea, South O1",15
"Korea, South O3",8
"Korea, South P1",5
"Korea, South P3",1
"Korea, South P4",4
"Korea, South R1",13
"Korea, South R2",8
KosovoA2,2
KosovoB1/B2,110
KosovoF1,2
KosovoG4,2
KosovoJ1,1
KosovoJ2,2
KosovoK1,3
KuwaitA2,20
KuwaitB1/B2,329
KuwaitF1,57
KuwaitF2,9
KuwaitG1,9
KuwaitJ1,1
KyrgyzstanB1/B2,6
KyrgyzstanC1,1
KyrgyzstanD,1
KyrgyzstanF1,8
KyrgyzstanG4,2
KyrgyzstanH4,1
KyrgyzstanJ1,4
KyrgyzstanK1,5
LaosA1,7
LaosA2,2
LaosB1/B2,1
LaosG1,3
LaosJ1,4
LatviaB1/B2,3
LatviaB2,1
Page 34 of 62,
April 2021 (FY 2021),
NationalityVisa Class,Issuances
LatviaC1/D,70
LatviaF1,1
LatviaG4,1
LatviaH1B,1
LatviaK1,1
LatviaL1,1
LatviaL2,2
LatviaNATO1,4
LatviaNATO2,16
LatviaP1,1
LebanonA2,8
LebanonB1,2
LebanonB1/B2,182
LebanonC1/D,10
LebanonD,1
LebanonF1,22
LebanonF2,1
LebanonG2,1
LebanonG4,2
LebanonH1B,11
LebanonH4,8
LebanonI,3
LebanonJ1,14
LebanonJ2,4
LebanonK1,22
LebanonK2,2
LebanonL1,7
LebanonL2,13
LebanonO1,3
LebanonO3,4
LebanonR1,1
LesothoA1,4
LesothoG1,1
LesothoG4,4
LiberiaA1,8
LiberiaA2,9
LiberiaB1/B2,10
LiberiaF1,1
LiberiaG1,3
LiberiaG4,1
LiberiaJ1,1
LiberiaK1,14
Page 35 of 62,
April 2021 (FY 2021),
NationalityVisa Class,Issuances
LiberiaK2,8
LibyaA1,7
LibyaA2,1
LibyaB1/B2,3
LibyaF1,7
LibyaF2,9
LibyaG1,6
LibyaH1B,1
LibyaH4,1
LibyaJ1,2
LibyaJ2,1
LiechtensteinA1,1
LithuaniaA1,8
LithuaniaA2,13
LithuaniaB1/B2,5
LithuaniaC1/D,21
LithuaniaF1,7
LithuaniaG1,1
LithuaniaG4,1
LithuaniaH1B,1
LithuaniaH2B,2
LithuaniaI,2
LithuaniaJ1,2
LithuaniaK1,4
LithuaniaL1,2
LithuaniaL2,1
LuxembourgC1/D,3
LuxembourgG2,2
LuxembourgH1B,1
Macau S.A.R.B1/B2,5
Macau S.A.R.F1,1
MadagascarC1,1
MadagascarF1,3
MadagascarG4,5
MadagascarH1B,1
MadagascarH4,3
MadagascarJ1,2
MadagascarK1,2
MalawiB1/B2,8
MalawiG1,3
MalawiK1,1
MalaysiaA1,5
Page 36 of 62,
April 2021 (FY 2021),
NationalityVisa Class,Issuances
MalaysiaA2,32
MalaysiaB1,11
MalaysiaB1/B2,266
MalaysiaC1,2
MalaysiaC1/D,169
MalaysiaE2,2
MalaysiaF1,47
MalaysiaF2,9
MalaysiaG1,1
MalaysiaH1B,11
MalaysiaH3,12
MalaysiaH4,4
MalaysiaJ1,9
MalaysiaJ2,3
MalaysiaK1,5
MalaysiaL1,23
MalaysiaL2,14
MalaysiaM1,2
MalaysiaO1,1
MalaysiaO3,1
MalaysiaR1,2
MalaysiaTD,1
MaldivesA1,1
MaldivesA2,10
MaldivesG1,1
MaldivesG4,1
MaliB1/B2,13
MaliF1,9
MaliG1,3
MaliJ1,2
MaliK1,2
MaltaA2,1
MaltaC1/D,2
MaltaJ1,1
MaltaL1,1
MaltaL2,1
MaltaM1,1
Marshall IslandsC1,2
MauritaniaA1,2
MauritaniaA2,2
MauritaniaB1/B2,13
MauritaniaF1,2
Page 37 of 62,
April 2021 (FY 2021),
NationalityVisa Class,Issuances
MauritaniaG1,2
MauritaniaG4,7
MauritaniaH1B,1
MauritaniaM1,1
MauritiusB1/B2,7
MauritiusC1/D,36
MauritiusG4,1
MauritiusH1B,1
MauritiusH2A,1
MauritiusJ1,11
MexicoA1,30
MexicoA2,81
MexicoB1,199
MexicoB1/B2,161
MexicoB2,4
MexicoBBBCC,"38,042"
MexicoBBBCV,"5,028"
MexicoC1,2
MexicoC1/D,281
MexicoC3,1
MexicoD,1
MexicoE1,104
MexicoE2,183
MexicoF1,432
MexicoF2,61
MexicoG1,1
MexicoG4,35
MexicoH1B,178
MexicoH2A,"33,173"
MexicoH2B,"11,814"
MexicoH4,222
MexicoI,59
MexicoJ1,"2,211"
MexicoJ2,34
MexicoK1,87
MexicoK2,18
MexicoL1,300
MexicoL2,362
MexicoM1,20
MexicoO1,43
MexicoO2,63
MexicoO3,17
Page 38 of 62,
April 2021 (FY 2021),
NationalityVisa Class,Issuances
MexicoP1,268
MexicoP3,18
MexicoP4,17
MexicoR1,27
MexicoR2,10
MexicoTD,"1,048"
MexicoTN,"2,137"
MexicoU1,9
MexicoU2,8
MexicoU3,47
MexicoU4,1
MexicoU5,3
MoldovaA2,5
MoldovaB1/B2,10
MoldovaC1/D,1
MoldovaG4,4
MoldovaH2A,12
MoldovaH2B,2
MoldovaH4,2
MoldovaI,1
MoldovaJ1,6
MoldovaK1,3
MoldovaL1,1
MoldovaL2,3
MonacoF1,1
MongoliaA2,11
MongoliaB1/B2,12
MongoliaE2,3
MongoliaF1,10
MongoliaF2,16
MongoliaG4,5
MongoliaJ1,12
MongoliaJ2,3
MontenegroB1/B2,4
MontenegroC1/D,75
MontenegroH2B,1
MontenegroJ1,2
MontenegroK1,1
MontenegroP1,1
MoroccoA2,34
MoroccoA3,2
MoroccoB1/B2,282
Page 39 of 62,
April 2021 (FY 2021),
NationalityVisa Class,Issuances
MoroccoC1/D,25
MoroccoF1,19
MoroccoG4,5
MoroccoH1B,5
MoroccoH4,1
MoroccoJ1,11
MoroccoJ2,6
MoroccoK1,9
MoroccoK2,1
MoroccoL1,1
MoroccoL2,2
MoroccoO1,1
MoroccoO3,2
MoroccoP4,4
MoroccoTD,1
MozambiqueA1,1
MozambiqueB1,3
MozambiqueB1/B2,1
MozambiqueB2,13
MozambiqueC1,3
MozambiqueC1/D,1
MozambiqueF1,2
MozambiqueG4,1
MozambiqueJ1,1
NamibiaB1,1
NamibiaB1/B2,52
NamibiaC1/D,1
NamibiaF1,2
NamibiaG4,1
NamibiaH1B,1
NamibiaJ1,9
NamibiaJ2,3
NepalA2,22
NepalA3,1
NepalB1,2
NepalB1/B2,547
NepalC1,1
NepalC1/D,23
NepalF1,55
NepalF2,16
NepalG4,13
NepalH1B,17
Page 40 of 62,
April 2021 (FY 2021),
NationalityVisa Class,Issuances
NepalH4,20
NepalJ1,24
NepalJ2,3
NepalK1,6
NepalM1,1
NepalO1,1
NepalO3,1
NetherlandsA1,10
NetherlandsA2,9
NetherlandsB1,1
NetherlandsB1/B2,13
NetherlandsC1/D,35
NetherlandsE2,13
NetherlandsE3D,1
NetherlandsF1,18
NetherlandsF2,1
NetherlandsG1,1
NetherlandsG2,1
NetherlandsG4,4
NetherlandsH1B,2
NetherlandsH2A,5
NetherlandsH4,2
NetherlandsI,2
NetherlandsJ1,24
NetherlandsK1,9
NetherlandsL1,35
NetherlandsL2,30
NetherlandsNATO2,25
NetherlandsO1,4
NetherlandsO3,5
NetherlandsP1,3
New ZealandA1,6
New ZealandA2,8
New ZealandB1,1
New ZealandB1/B2,84
New ZealandB2,1
New ZealandC1/D,22
New ZealandC3,8
New ZealandE1,1
New ZealandE2,6
New ZealandE3D,4
New ZealandF1,14
Page 41 of 62,
April 2021 (FY 2021),
NationalityVisa Class,Issuances
New ZealandF2,1
New ZealandG4,3
New ZealandH1B,13
New ZealandH2A,8
New ZealandH4,5
New ZealandJ1,43
New ZealandJ2,3
New ZealandK1,2
New ZealandL1,10
New ZealandL2,12
New ZealandO1,15
New ZealandO3,1
New ZealandP1,6
New ZealandP4,1
New ZealandR1,2
New ZealandR2,1
NicaraguaB1,21
NicaraguaB1/B2,240
NicaraguaC1,2
NicaraguaC1/D,36
NicaraguaE2,1
NicaraguaF1,5
NicaraguaF2,1
NicaraguaG1,1
NicaraguaH2A,38
NicaraguaH2B,2
NicaraguaJ1,2
NicaraguaK1,7
NicaraguaL1,1
NicaraguaL2,3
NicaraguaP1,1
NigerA1,5
NigerA2,5
NigerB1,2
NigerB1/B2,4
NigerC1,1
NigerF1,2
NigerG4,2
NigeriaA1,8
NigeriaA2,29
NigeriaB1,4
NigeriaB1/B2,"1,701"
Page 42 of 62,
April 2021 (FY 2021),
NationalityVisa Class,Issuances
NigeriaB2,1
NigeriaC1,5
NigeriaC1/D,1
NigeriaD,2
NigeriaF1,198
NigeriaF2,64
NigeriaG2,1
NigeriaG4,33
NigeriaH1B,11
NigeriaH3,1
NigeriaH4,6
NigeriaJ1,41
NigeriaJ2,15
NigeriaK1,44
NigeriaK2,10
NigeriaL1,5
NigeriaL2,7
NigeriaM1,3
NigeriaO1,4
NigeriaO3,5
NigeriaP1,1
NigeriaR1,14
NigeriaR2,3
*Non-Nationality Based IssuancesB1/B2,8
*Non-Nationality Based IssuancesB2,1
*Non-Nationality Based IssuancesC1/D,24
*Non-Nationality Based IssuancesF1,2
*Non-Nationality Based IssuancesG4,3
*Non-Nationality Based IssuancesL1,1
*Non-Nationality Based IssuancesR1,3
North MacedoniaB1/B2,21
North MacedoniaC1/D,8
North MacedoniaG4,3
North MacedoniaH1B,1
North MacedoniaH2B,28
North MacedoniaJ1,3
North MacedoniaK1,2
North MacedoniaR1,1
NorwayA1,3
NorwayB1,6
NorwayB1/B2,8
NorwayC1/D,18
Page 43 of 62,
April 2021 (FY 2021),
NationalityVisa Class,Issuances
NorwayF1,3
NorwayG1,2
NorwayG4,5
NorwayH1B,1
NorwayJ1,3
NorwayK1,2
NorwayL1,8
NorwayL2,7
NorwayNATO2,33
NorwayNATO6,3
NorwayO1,1
NorwayO2,1
OmanA2,27
OmanA3,1
OmanB1,1
OmanB1/B2,93
OmanB2,6
OmanC1/D,4
OmanF1,3
OmanH1B,1
PakistanA1,7
PakistanA2,121
PakistanB1,1
PakistanB1/B2,962
PakistanB2,10
PakistanC1/D,18
PakistanE2,19
PakistanE3D,2
PakistanF1,155
PakistanF2,17
PakistanG1,19
PakistanG4,33
PakistanH1B,90
PakistanH4,87
PakistanI,3
PakistanJ1,97
PakistanJ2,30
PakistanK1,12
PakistanL1,12
PakistanL2,11
PakistanM1,1
PakistanO1,4
Page 44 of 62,
April 2021 (FY 2021),
NationalityVisa Class,Issuances
PakistanO3,3
PakistanR1,1
PakistanR2,4
PakistanTD,2
PakistanTN,1
Palestinian Authority Travel DocumentB1/B2,159
Palestinian Authority Travel DocumentF1,10
Palestinian Authority Travel DocumentH4,2
Palestinian Authority Travel DocumentJ1,7
Palestinian Authority Travel DocumentJ2,1
Palestinian Authority Travel DocumentK1,5
PanamaA1,1
PanamaA2,9
PanamaB1/B2,972
PanamaC1/D,47
PanamaF1,133
PanamaG1,2
PanamaG4,1
PanamaH1B,3
PanamaH2B,2
PanamaH4,2
PanamaJ1,7
PanamaK1,5
PanamaK2,2
PanamaL1,3
PanamaP1,6
PanamaP4,1
Papua New GuineaB1,1
Papua New GuineaB1/B2,4
Papua New GuineaF1,1
Papua New GuineaJ1,1
ParaguayA2,10
ParaguayB1,3
ParaguayB1/B2,289
ParaguayC1/D,1
ParaguayF1,11
ParaguayG4,1
ParaguayH1B,1
ParaguayI,1
ParaguayJ1,4
ParaguayJ2,1
ParaguayK1,1
Page 45 of 62,
April 2021 (FY 2021),
NationalityVisa Class,Issuances
ParaguayR2,1
PeruA2,6
PeruB1,15
PeruB1/B2,"5,336"
PeruBBBCC,1
PeruC1,3
PeruC1/D,60
PeruF1,99
PeruF2,7
PeruG1,8
PeruG4,17
PeruH1B,2
PeruH2A,179
PeruH4,5
PeruJ1,31
PeruJ2,1
PeruK1,35
PeruK2,1
PeruL2,3
PeruM1,12
PeruO1,2
PeruP1,1
PeruU2,1
PhilippinesA1,8
PhilippinesA2,45
PhilippinesA3,11
PhilippinesB1,213
PhilippinesB1/B2,"1,428"
PhilippinesB2,7
PhilippinesC1,68
PhilippinesC1/D,"4,318"
PhilippinesC3,3
PhilippinesCW1,27
PhilippinesCW2,13
PhilippinesE2,6
PhilippinesF1,45
PhilippinesF2,8
PhilippinesG1,2
PhilippinesG4,15
PhilippinesG5,1
PhilippinesH1B,104
PhilippinesH2A,7
Page 46 of 62,
April 2021 (FY 2021),
NationalityVisa Class,Issuances
PhilippinesH2B,90
PhilippinesH3,6
PhilippinesH4,52
PhilippinesJ1,51
PhilippinesJ2,70
PhilippinesK1,83
PhilippinesK2,23
PhilippinesL1,27
PhilippinesL2,33
PhilippinesO1,1
PhilippinesO2,3
PhilippinesP1,1
PhilippinesR1,6
PhilippinesR2,8
PhilippinesT3,2
PolandA1,1
PolandA2,3
PolandB1,14
PolandB1/B2,43
PolandC1/D,144
PolandE1,3
PolandE2,11
PolandF1,31
PolandG4,5
PolandH1B,1
PolandH2B,83
PolandH4,3
PolandI,5
PolandJ1,21
PolandJ2,6
PolandK1,4
PolandL1,15
PolandL2,11
PolandNATO2,26
PolandNATO6,2
PolandO1,1
PolandP1,3
PortugalA2,2
PortugalB1,1
PortugalB1/B2,7
PortugalC1/D,101
PortugalF1,11
Page 47 of 62,
April 2021 (FY 2021),
NationalityVisa Class,Issuances
PortugalG4,2
PortugalH1B,2
PortugalJ1,6
PortugalJ2,2
PortugalK1,1
PortugalL1,9
PortugalM1,2
PortugalNATO2,1
PortugalO1,1
PortugalP1,2
QatarA1,13
QatarA2,49
QatarA3,2
QatarB1/B2,308
QatarC1/D,2
QatarF1,7
QatarF2,5
QatarG4,3
RomaniaA2,9
RomaniaB1,42
RomaniaB1/B2,291
RomaniaC1/D,274
RomaniaC3,4
RomaniaF1,5
RomaniaG4,4
RomaniaH1B,2
RomaniaH2A,10
RomaniaH2B,108
RomaniaH4,5
RomaniaJ1,11
RomaniaJ2,4
RomaniaK1,10
RomaniaK2,2
RomaniaL1,7
RomaniaL2,6
RomaniaM1,1
RomaniaNATO2,23
RomaniaO1,1
RomaniaP1,1
RomaniaP3,2
RomaniaR1,1
RussiaA1,3
Page 48 of 62,
April 2021 (FY 2021),
NationalityVisa Class,Issuances
RussiaA2,10
RussiaB1,1
RussiaB1/B2,437
RussiaC1,1
RussiaC1/D,790
RussiaD,2
RussiaE2,1
RussiaE3D,1
RussiaF1,77
RussiaF2,1
RussiaG1,27
RussiaG2,1
RussiaG4,40
RussiaH1B,7
RussiaH4,3
RussiaJ1,15
RussiaJ2,4
RussiaK1,10
RussiaK2,2
RussiaL1,9
RussiaL2,13
RussiaM1,3
RussiaO1,18
RussiaO3,11
RussiaP1,10
RussiaP3,5
RussiaP4,1
RussiaTD,2
RwandaA2,16
RwandaB1/B2,2
RwandaC1,1
RwandaF1,9
RwandaG1,1
RwandaH1B,3
RwandaK1,3
Saint Kitts and NevisB1/B2,37
Saint Kitts and NevisG4,1
Saint LuciaB1/B2,97
Saint LuciaC1/D,5
Saint Vincent and the GrenadinesB1,3
Saint Vincent and the GrenadinesB1/B2,60
Saint Vincent and the GrenadinesC1/D,3
Page 49 of 62,
April 2021 (FY 2021),
NationalityVisa Class,Issuances
SamoaA1,2
SamoaB1/B2,6
SamoaF1,1
SamoaJ1,1
Saudi ArabiaA1,39
Saudi ArabiaA2,295
Saudi ArabiaB1,1
Saudi ArabiaB1/B2,"1,036"
Saudi ArabiaB2,3
Saudi ArabiaD,54
Saudi ArabiaF1,227
Saudi ArabiaF2,100
Saudi ArabiaG2,1
Saudi ArabiaG4,2
Saudi ArabiaH1B,6
Saudi ArabiaH4,4
Saudi ArabiaI,1
Saudi ArabiaJ1,15
Saudi ArabiaJ2,9
Saudi ArabiaK1,3
Saudi ArabiaL1,4
Saudi ArabiaL2,12
Saudi ArabiaM1,30
Saudi ArabiaM2,1
Saudi ArabiaO1,1
Saudi ArabiaO3,1
SenegalA1,4
SenegalA2,19
SenegalB1/B2,18
SenegalC1,3
SenegalF1,4
SenegalG1,4
SenegalG2,1
SenegalG4,9
SenegalH1B,1
SenegalI,2
SenegalJ1,1
SenegalK1,4
SenegalP4,1
SerbiaA2,12
SerbiaB1,2
SerbiaB1/B2,128
Page 50 of 62,
April 2021 (FY 2021),
NationalityVisa Class,Issuances
SerbiaC1/D,78
SerbiaE2,4
SerbiaF1,15
SerbiaF2,1
SerbiaG4,2
SerbiaH1B,6
SerbiaH2B,628
SerbiaH4,1
SerbiaJ1,16
SerbiaJ2,2
SerbiaK1,3
SerbiaL1,10
SerbiaL2,4
SerbiaO1,1
SerbiaR1,1
SerbiaTD,1
SeychellesA1,1
SeychellesA2,1
SeychellesB1/B2,2
SeychellesF1,1
SeychellesG4,1
SeychellesH4,1
Sierra LeoneA2,4
Sierra LeoneB1/B2,5
Sierra LeoneF1,5
Sierra LeoneG4,3
Sierra LeoneJ1,1
Sierra LeoneK1,1
Sierra LeoneK2,1
SingaporeA1,1
SingaporeA2,81
SingaporeB1,1
SingaporeB1/B2,18
SingaporeC1/D,250
SingaporeE2,4
SingaporeF1,47
SingaporeF2,2
SingaporeG1,1
SingaporeG4,2
SingaporeH1B,12
SingaporeH1B1,28
SingaporeH3,5
Page 51 of 62,
April 2021 (FY 2021),
NationalityVisa Class,Issuances
SingaporeH4,8
SingaporeI,1
SingaporeJ1,3
SingaporeJ2,4
SingaporeL1,16
SingaporeL2,17
SingaporeO1,3
SlovakiaA1,4
SlovakiaA2,22
SlovakiaA3,3
SlovakiaB1/B2,5
SlovakiaC1/D,3
SlovakiaE2,4
SlovakiaF1,2
SlovakiaF2,1
SlovakiaH1B,1
SlovakiaH2B,1
SlovakiaJ1,2
SlovakiaJ2,1
SlovakiaK1,1
SlovakiaL1,1
SlovakiaP1,1
SloveniaB1/B2,3
SloveniaB2,1
SloveniaC1/D,7
SloveniaF1,4
SloveniaG1,3
SloveniaH1B,1
SloveniaJ1,1
SloveniaK1,1
SloveniaL1,1
SloveniaNATO2,3
SomaliaA1,3
SomaliaB1/B2,1
SomaliaF1,2
SomaliaK1,4
South AfricaA2,2
South AfricaA3,1
South AfricaB1,27
South AfricaB1/B2,66
South AfricaC1/D,55
South AfricaC3,4
Page 52 of 62,
April 2021 (FY 2021),
NationalityVisa Class,Issuances
South AfricaE2,1
South AfricaF1,2
South AfricaG4,9
South AfricaH1B,3
South AfricaH2A,"1,761"
South AfricaH4,7
South AfricaI,1
South AfricaJ1,31
South AfricaJ2,2
South AfricaK1,9
South AfricaK2,1
South AfricaL1,10
South AfricaL2,18
South AfricaM1,1
South AfricaO1,5
South AfricaO3,8
South AfricaP1,4
South AfricaP4,1
South SudanB1/B2,3
South SudanC1,2
South SudanK1,2
SpainA1,1
SpainA2,15
SpainB1,45
SpainB1/B2,25
SpainBBBCC,1
SpainC1/D,45
SpainC3,1
SpainE1,3
SpainE2,50
SpainF1,122
SpainF2,6
SpainG1,2
SpainG3,3
SpainG4,23
SpainH1B,11
SpainH4,8
SpainI,2
SpainJ1,392
SpainJ2,9
SpainK1,16
SpainL1,33
Page 53 of 62,
April 2021 (FY 2021),
NationalityVisa Class,Issuances
SpainL2,32
SpainM1,1
SpainNATO2,17
SpainNATO4,1
SpainO1,15
SpainO2,1
SpainO3,4
SpainP1,4
SpainR1,1
Sri LankaA2,10
Sri LankaA3,2
Sri LankaB1/B2,73
Sri LankaB2,1
Sri LankaC1,3
Sri LankaC1/D,68
Sri LankaE2,1
Sri LankaF1,31
Sri LankaF2,1
Sri LankaG1,2
Sri LankaG4,4
Sri LankaH4,1
Sri LankaJ1,3
Sri LankaJ2,1
Sri LankaK1,2
Sri LankaL1,2
Sri LankaL2,5
SudanA1,2
SudanA2,6
SudanB1,2
SudanB1/B2,54
SudanB2,2
SudanF1,5
SudanG1,1
SudanG2,1
SudanG4,3
SudanH1B,4
SudanH4,3
SudanJ1,3
SurinameA1,7
SurinameA2,1
SurinameB1/B2,210
SurinameC3,4
Page 54 of 62,
April 2021 (FY 2021),
NationalityVisa Class,Issuances
SurinameF1,2
SurinameG1,1
SurinameL1,1
SwedenA2,21
SwedenB1,6
SwedenB1/B2,4
SwedenC1/D,34
SwedenC3,2
SwedenE2,2
SwedenF1,3
SwedenG4,5
SwedenH1B,1
SwedenH4,1
SwedenI,4
SwedenJ1,2
SwedenK1,1
SwedenL1,5
SwedenL2,2
SwedenNATO2,1
SwedenO1,1
SwedenP1,1
SwitzerlandA1,10
SwitzerlandA2,26
SwitzerlandB1/B2,13
SwitzerlandB2,1
SwitzerlandC1/D,209
SwitzerlandC3,2
SwitzerlandE2,5
SwitzerlandF1,67
SwitzerlandF2,1
SwitzerlandG2,2
SwitzerlandG4,5
SwitzerlandH1B,2
SwitzerlandH4,1
SwitzerlandI,5
SwitzerlandJ1,27
SwitzerlandJ2,7
SwitzerlandK1,3
SwitzerlandL1,10
SwitzerlandL2,6
SwitzerlandM1,4
SwitzerlandO1,2
Page 55 of 62,
April 2021 (FY 2021),
NationalityVisa Class,Issuances
SwitzerlandO3,1
SyriaB1/B2,112
SyriaC1/D,1
SyriaF1,3
SyriaG1,10
SyriaG4,3
SyriaJ1,2
SyriaJ2,3
SyriaK1,8
SyriaL2,1
SyriaM2,1
TajikistanA2,2
TajikistanB1/B2,22
TajikistanF1,1
TajikistanF2,1
TajikistanG1,2
TajikistanH1B,1
TajikistanK1,4
TajikistanK2,1
TanzaniaA1,2
TanzaniaA2,2
TanzaniaB1/B2,10
TanzaniaC1/D,1
TanzaniaF1,1
TanzaniaG1,2
TanzaniaG4,2
TanzaniaH1B,1
TanzaniaJ1,1
TanzaniaK1,4
TanzaniaK2,3
ThailandA1,8
ThailandA2,22
ThailandB1,1
ThailandB1/B2,241
ThailandC1/D,71
ThailandE2,8
ThailandF1,39
ThailandG4,1
ThailandH1B,5
ThailandH2B,1
ThailandH4,4
ThailandJ1,435
Page 56 of 62,
April 2021 (FY 2021),
NationalityVisa Class,Issuances
ThailandJ2,1
ThailandK1,38
ThailandK2,12
ThailandL1,3
ThailandL2,1
ThailandO1,1
ThailandP1,2
ThailandR1,3
Timor-LesteA2,3
Timor-LesteJ1,2
TogoB1,1
TogoB1/B2,2
TogoC1,3
TogoG4,1
TogoK1,4
TogoO1,1
TongaB1/B2,3
TongaC1,1
TongaJ1,1
Trinidad and TobagoA1,1
Trinidad and TobagoB1,2
Trinidad and TobagoB1/B2,588
Trinidad and TobagoB2,1
Trinidad and TobagoC1,6
Trinidad and TobagoC1/D,11
Trinidad and TobagoF1,3
Trinidad and TobagoG4,11
Trinidad and TobagoH1B,1
Trinidad and TobagoJ1,4
Trinidad and TobagoK1,3
Trinidad and TobagoK2,1
Trinidad and TobagoL1,2
Trinidad and TobagoM1,1
Trinidad and TobagoP1,2
Trinidad and TobagoP4,2
TunisiaA1,3
TunisiaA2,21
TunisiaB1,1
TunisiaB1/B2,64
TunisiaC1/D,34
TunisiaF1,20
TunisiaF2,1
Page 57 of 62,
April 2021 (FY 2021),
NationalityVisa Class,Issuances
TunisiaH1B,2
TunisiaJ1,5
TunisiaK1,1
TunisiaL1,1
TunisiaL2,2
TunisiaO1,2
TurkeyA2,13
TurkeyB1/B2,874
TurkeyC1/D,214
TurkeyC3,1
TurkeyE2,1
TurkeyF1,25
TurkeyF2,4
TurkeyG4,9
TurkeyH1B,14
TurkeyH4,20
TurkeyJ1,31
TurkeyJ2,9
TurkeyK1,5
TurkeyL1,2
TurkeyL2,5
TurkeyM1,1
TurkeyNATO2,10
TurkeyNATO6,1
TurkeyO1,2
TurkeyO3,1
TurkmenistanF1,1
TurkmenistanK1,1
Turks and Caicos IslandsB1/B2,4
Turks and Caicos IslandsF1,1
Turks and Caicos IslandsG4,1
Turks and Caicos IslandsM1,1
UgandaA1,3
UgandaA2,7
UgandaB1/B2,38
UgandaD,1
UgandaF1,14
UgandaF2,4
UgandaG1,1
UgandaG4,21
UgandaH1B,3
UgandaJ1,3
Page 58 of 62,
April 2021 (FY 2021),
NationalityVisa Class,Issuances
UgandaJ2,1
UgandaK1,9
UgandaK2,2
UgandaM1,2
UkraineA1,8
UkraineA2,17
UkraineB1,23
UkraineB1/B2,193
UkraineB2,1
UkraineC1/D,344
UkraineE1,1
UkraineF1,50
UkraineF2,2
UkraineG4,3
UkraineH1B,17
UkraineH2A,165
UkraineH2B,662
UkraineH4,17
UkraineI,1
UkraineJ1,21
UkraineJ2,4
UkraineK1,53
UkraineK2,12
UkraineL1,24
UkraineL2,28
UkraineM1,2
UkraineM2,1
UkraineO1,6
UkraineO2,1
UkraineO3,5
UkraineP1,4
UkraineR1,9
UkraineR2,23
United Arab EmiratesA1,3
United Arab EmiratesA2,132
United Arab EmiratesB1/B2,490
United Arab EmiratesD,4
United Arab EmiratesF1,16
United Arab EmiratesG1,11
United Arab EmiratesG2,1
United Arab EmiratesJ1,1
UruguayA1,2
Page 59 of 62,
April 2021 (FY 2021),
NationalityVisa Class,Issuances
UruguayB1/B2,441
UruguayC1/D,4
UruguayF1,8
UruguayG4,3
UruguayH1B,4
UruguayH4,1
UruguayJ1,11
UruguayJ2,3
UruguayL1,1
UruguayO1,1
UruguayO3,1
UruguayP4,1
UzbekistanA1,2
UzbekistanA2,35
UzbekistanB1/B2,16
UzbekistanC1/D,38
UzbekistanF1,10
UzbekistanG4,8
UzbekistanH1B,2
UzbekistanH4,1
UzbekistanJ1,2
Vatican CityA1,1
VenezuelaA1,1
VenezuelaB1/B2,259
VenezuelaC1/D,10
VenezuelaE2,3
VenezuelaF1,41
VenezuelaF2,5
VenezuelaG1,1
VenezuelaG3,1
VenezuelaG4,8
VenezuelaH1B,6
VenezuelaH2A,1
VenezuelaH4,2
VenezuelaI,3
VenezuelaJ1,10
VenezuelaK1,15
VenezuelaK2,10
VenezuelaL1,10
VenezuelaL2,14
VenezuelaO1,7
VenezuelaO2,1
Page 60 of 62,
April 2021 (FY 2021),
NationalityVisa Class,Issuances
VenezuelaO3,6
VenezuelaP1,70
VenezuelaP4,14
VenezuelaR1,2
VietnamA1,23
VietnamB1,1
VietnamB1/B2,"2,405"
VietnamB2,1
VietnamC1,6
VietnamC1/D,76
VietnamE3D,1
VietnamF1,187
VietnamF2,18
VietnamG1,4
VietnamG4,15
VietnamH1B,9
VietnamH4,10
VietnamJ1,22
VietnamJ2,8
VietnamK1,66
VietnamK2,10
VietnamL1,14
VietnamL2,11
VietnamM1,5
VietnamO1,1
VietnamR1,4
VietnamR2,2
YemenA2,8
YemenB1,1
YemenB1/B2,57
YemenB2,6
YemenC1/D,1
YemenF1,39
YemenF2,1
YemenJ1,1
YemenK1,8
ZambiaA2,2
ZambiaB1,1
ZambiaB1/B2,13
ZambiaF1,9
ZambiaF2,2
ZambiaG1,1
Page 61 of 62,
Nonimmigrant Visa Issuances by Nationality
April 2021 (FY 2021)
NationalityVisa ClassIssuances
ZambiaG49
ZambiaJ11
ZambiaK11
ZambiaL11
ZambiaL21
ZambiaTD3
ZimbabweA16
ZimbabweB1/B291
ZimbabweC11
ZimbabweD22
ZimbabweF111
ZimbabweG424
ZimbabweH1B2
ZimbabweJ16
ZimbabweJ24
ZimbabweK14
ZimbabweL11
ZimbabweL21
ZimbabweP11
"GRAND TOTAL247,833"
"*""Non-nationality based issuances"" includes individuals presenting travel documents issued by a"
"competent authority other than their country of nationality, including, for example, aliens traveling on"
a Laissez-Passer issued by the United Nations and refugees residing in another country.
Page 62 of 62
